{"name":"f6c069c3-9694-49e1-9c2a-2b081fc50df0","id":"/providers/Microsoft.Flow/flows/f6c069c3-9694-49e1-9c2a-2b081fc50df0","type":"Microsoft.Flow/flows","properties":{"apiId":"/providers/Microsoft.PowerApps/apis/shared_logicflows","displayName":"When an item is created or modified -> Get items,Apply to each,Send an email,Condition,HTTP,Condition 2,Update item","definition":{"$schema":"https://schema.management.azure.com/providers/Microsoft.Logic/schemas/2016-06-01/workflowdefinition.json#","contentVersion":"1.0.0.0","parameters":{"$connections":{"defaultValue":{},"type":"Object"},"$authentication":{"defaultValue":{},"type":"SecureObject"}},"triggers":{"When_an_item_is_created_or_modified":{"recurrence":{"interval":5,"frequency":"Minute"},"splitOn":"@triggerBody()?['value']","metadata":{"flowSystemMetadata":{"swaggerOperationId":"GetOnUpdatedItems"}},"type":"ApiConnection","inputs":{"host":{"api":{"runtimeUrl":"https://europe-001.azure-apim.net/apim/sharepointonline"},"connection":{"name":"@parameters('$connections')['shared_sharepointonline']['connectionId']"}},"method":"get","path":"/datasets/@{encodeURIComponent(encodeURIComponent('https://gdeluca.sharepoint.com'))}/tables/@{encodeURIComponent(encodeURIComponent('be785a65-92d6-43bf-8321-18a945fc7f46'))}/onupdateditems","authentication":"@parameters('$authentication')"}}},"actions":{"Check_if_a_new_request_is_submitted":{"actions":{"Get_items":{"runAfter":{},"metadata":{"flowSystemMetadata":{"swaggerOperationId":"GetItems"}},"type":"ApiConnection","inputs":{"host":{"api":{"runtimeUrl":"https://europe-001.azure-apim.net/apim/sharepointonline"},"connection":{"name":"@parameters('$connections')['shared_sharepointonline']['connectionId']"}},"method":"get","path":"/datasets/@{encodeURIComponent(encodeURIComponent('https://gdeluca.sharepoint.com'))}/tables/@{encodeURIComponent(encodeURIComponent('be785a65-92d6-43bf-8321-18a945fc7f46'))}/items","authentication":"@parameters('$authentication')"}},"Apply_to_each":{"foreach":"@body('Get_items')?['value']","actions":{"Check_if_the_request_is_approved":{"actions":{"HTTP":{"runAfter":{},"type":"Http","inputs":{"method":"GET","uri":"https://functionappmodernprovisioningasync.azurewebsites.net/api/ModernProvisioning?code=ynOmIDh7SVascYg9HsEKplxuAcvfXmfsrAwqB5NecwNAiQGKG6FfNA=="}},"The_provisioning_is_finished":{"actions":{"Update_item":{"runAfter":{},"metadata":{"flowSystemMetadata":{"swaggerOperationId":"PatchItem"}},"type":"ApiConnection","inputs":{"host":{"api":{"runtimeUrl":"https://europe-001.azure-apim.net/apim/sharepointonline"},"connection":{"name":"@parameters('$connections')['shared_sharepointonline']['connectionId']"}},"method":"patch","path":"/datasets/@{encodeURIComponent(encodeURIComponent('https://gdeluca.sharepoint.com'))}/tables/@{encodeURIComponent(encodeURIComponent('be785a65-92d6-43bf-8321-18a945fc7f46'))}/items/@{encodeURIComponent(items('Apply_to_each')?['ID'])}","body":{"Title":"@items('Apply_to_each')?['Title']","Status":{"@@odata.type":"#Microsoft.Azure.Connectors.SharePoint.SPListExpandedReference","Value":"Ready"},"Owner":"@items('Apply_to_each')?['Owner']","Description":"@items('Apply_to_each')?['Description']","SiteType":{"@@odata.type":"#Microsoft.Azure.Connectors.SharePoint.SPListExpandedReference"},"Alias":"@items('Apply_to_each')?['Alias']"},"authentication":"@parameters('$authentication')"}},"Send_an_email_to_the_user_that_the_process_is_ended":{"runAfter":{"Update_item":["Succeeded"]},"metadata":{"flowSystemMetadata":{"swaggerOperationId":"SendEmail"}},"type":"ApiConnection","inputs":{"host":{"api":{"runtimeUrl":"https://europe-001.azure-apim.net/apim/office365"},"connection":{"name":"@parameters('$connections')['shared_office365']['connectionId']"}},"method":"post","path":"/Mail","body":{"To":"@{body('Update_item')['Owner']};","Subject":"Request closed","Body":"Your request about @{body('Update_item')['Title']} has been closed:\n@{body('HTTP')}"},"authentication":"@parameters('$authentication')"}}},"runAfter":{"HTTP":["Succeeded"]},"expression":"@equals(outputs('HTTP')['statusCode'], 200)","type":"If"}},"runAfter":{},"expression":"@equals(items('Apply_to_each')?['Status']?['Value'], 'Approved')","type":"If"}},"runAfter":{"Get_items":["Succeeded"]},"type":"Foreach"}},"runAfter":{},"else":{"actions":{"Send_an_email_to_the_admin_about_the_new_request":{"runAfter":{},"metadata":{"flowSystemMetadata":{"swaggerOperationId":"SendEmail"}},"type":"ApiConnection","inputs":{"host":{"api":{"runtimeUrl":"https://europe-001.azure-apim.net/apim/office365"},"connection":{"name":"@parameters('$connections')['shared_office365']['connectionId']"}},"method":"post","path":"/Mail","body":{"To":"giuliano.de.luca@gdeluca.onmicrosoft.com;","Subject":"New request created","Body":"New request created about @{triggerBody()?['Title']} for the user @{triggerBody()?['Owner']}"},"authentication":"@parameters('$authentication')"}},"Send_an_email_to_the_requester_that_his_request_is_submitted_successfully":{"runAfter":{"Send_an_email_to_the_admin_about_the_new_request":["Succeeded"]},"metadata":{"flowSystemMetadata":{"swaggerOperationId":"SendEmail"}},"type":"ApiConnection","inputs":{"host":{"api":{"runtimeUrl":"https://europe-001.azure-apim.net/apim/office365"},"connection":{"name":"@parameters('$connections')['shared_office365']['connectionId']"}},"method":"post","path":"/Mail","body":{"To":"@{triggerBody()?['Owner']};","Subject":"Request a new @{triggerBody()?['SiteType']?['Value']}","Body":"We received your request will be soon processed by an admin, you will receive an email when the process is finished."},"authentication":"@parameters('$authentication')"}}}},"expression":"@not(equals(triggerBody()?['Created'], triggerBody()?['Modified']))","type":"If"}},"outputs":{},"description":"This flow is part of the modern provisioning"},"connectionReferences":{"shared_sharepointonline":{"connectionName":"shared-sharepointonl-d68db891-5a46-4f21-82c5-c02b11f3ccd3","source":"Embedded","id":"/providers/Microsoft.PowerApps/apis/shared_sharepointonline","tier":"NotSpecified"},"shared_office365":{"connectionName":"shared-office365-c7f11157-ad4a-4915-8d20-1446039a441d","source":"Embedded","id":"/providers/Microsoft.PowerApps/apis/shared_office365","tier":"NotSpecified"}}}}