{"name":"22b63d4c-24c7-409c-bdf0-5f8b216e08cd","id":"/providers/Microsoft.Flow/flows/22b63d4c-24c7-409c-bdf0-5f8b216e08cd","type":"Microsoft.Flow/flows","properties":{"apiId":"/providers/Microsoft.PowerApps/apis/shared_logicflows","displayName":"Moder Provisioning: When an item is created -> Start an approval workflow","definition":{"$schema":"https://schema.management.azure.com/providers/Microsoft.Logic/schemas/2016-06-01/workflowdefinition.json#","contentVersion":"1.0.0.0","parameters":{"$connections":{"defaultValue":{},"type":"Object"},"$authentication":{"defaultValue":{},"type":"SecureObject"}},"triggers":{"When_an_item_is_created":{"recurrence":{"interval":5,"frequency":"Minute"},"splitOn":"@triggerBody()?['value']","metadata":{"flowSystemMetadata":{"swaggerOperationId":"GetOnNewItems"}},"type":"ApiConnection","inputs":{"host":{"api":{"runtimeUrl":"https://europe-001.azure-apim.net/apim/sharepointonline"},"connection":{"name":"@parameters('$connections')['shared_sharepointonline']['connectionId']"}},"method":"get","path":"/datasets/@{encodeURIComponent(encodeURIComponent('https://gdeluca.sharepoint.com'))}/tables/@{encodeURIComponent(encodeURIComponent('be785a65-92d6-43bf-8321-18a945fc7f46'))}/onnewitems","authentication":"@parameters('$authentication')"}}},"actions":{"Start_an_approval":{"runAfter":{},"metadata":{"flowSystemMetadata":{"swaggerOperationId":"approvalSubscribeV2"}},"type":"ApiConnectionWebhook","inputs":{"host":{"api":{"runtimeUrl":"https://europe-001.azure-apim.net/apim/approvals"},"connection":{"name":"@parameters('$connections')['shared_approvals']['connectionId']"}},"body":{"notificationUrl":"@{listCallbackUrl()}","title":"Please review: @{triggerBody()?['Title']}","assignedTo":"giuliano.de.luca@gdeluca.onmicrosoft.com","details":"@{triggerBody()?['Author']?['DisplayName']}  at @{triggerBody()?['Created']}","itemLink":"@triggerBody()?['{Link}']","itemLinkDescription":"@triggerBody()?['{Name}']"},"path":"/types/@{encodeURIComponent('Basic')}/$subscriptions","authentication":"@parameters('$authentication')"}},"Condition":{"actions":{"HTTP":{"runAfter":{"Update_item":["Succeeded"]},"type":"Http","inputs":{"method":"GET","uri":"https://functionappmodernprovisioningasync.azurewebsites.net/api/ModernProvisioning?code=ynOmIDh7SVascYg9HsEKplxuAcvfXmfsrAwqB5NecwNAiQGKG6FfNA=="}},"Update_item":{"runAfter":{},"metadata":{"flowSystemMetadata":{"swaggerOperationId":"PatchItem"}},"type":"ApiConnection","inputs":{"host":{"api":{"runtimeUrl":"https://europe-001.azure-apim.net/apim/sharepointonline"},"connection":{"name":"@parameters('$connections')['shared_sharepointonline']['connectionId']"}},"method":"patch","body":{"Title":"@triggerBody()?['Title']","Owner":"@triggerBody()?['Owner']","Description":"@triggerBody()?['Description']","Alias":"@triggerBody()?['Alias']","Status":{"@@odata.type":"#Microsoft.Azure.Connectors.SharePoint.SPListExpandedReference","Value":"Approved"},"SiteType":{"@@odata.type":"#Microsoft.Azure.Connectors.SharePoint.SPListExpandedReference"}},"path":"/datasets/@{encodeURIComponent(encodeURIComponent('https://gdeluca.sharepoint.com'))}/tables/@{encodeURIComponent(encodeURIComponent('be785a65-92d6-43bf-8321-18a945fc7f46'))}/items/@{encodeURIComponent(triggerBody()?['ID'])}","authentication":"@parameters('$authentication')"}},"Check_the_result_of_the_Azure_Function":{"actions":{"Change_the_list_item_status_to_ready":{"runAfter":{},"metadata":{"flowSystemMetadata":{"swaggerOperationId":"PatchItem"}},"type":"ApiConnection","inputs":{"host":{"api":{"runtimeUrl":"https://europe-001.azure-apim.net/apim/sharepointonline"},"connection":{"name":"@parameters('$connections')['shared_sharepointonline']['connectionId']"}},"method":"patch","body":{"Title":"@body('Update_item')['Title']","Owner":"@body('Update_item')['Owner']","Description":"@body('Update_item')['Description']","Alias":"@body('Update_item')['Alias']","Status":{"@@odata.type":"#Microsoft.Azure.Connectors.SharePoint.SPListExpandedReference","Value":"Ready"},"SiteType":{"@@odata.type":"#Microsoft.Azure.Connectors.SharePoint.SPListExpandedReference"}},"path":"/datasets/@{encodeURIComponent(encodeURIComponent('https://gdeluca.sharepoint.com'))}/tables/@{encodeURIComponent(encodeURIComponent('be785a65-92d6-43bf-8321-18a945fc7f46'))}/items/@{encodeURIComponent(body('Update_item')?['ID'])}","authentication":"@parameters('$authentication')"}},"Notify_the_owner_of_his_request":{"runAfter":{"Change_the_list_item_status_to_ready":["Succeeded"]},"metadata":{"flowSystemMetadata":{"swaggerOperationId":"SendEmail"}},"type":"ApiConnection","inputs":{"host":{"api":{"runtimeUrl":"https://europe-001.azure-apim.net/apim/office365"},"connection":{"name":"@parameters('$connections')['shared_office365']['connectionId']"}},"method":"post","body":{"To":"@{body('Change_the_list_item_status_to_ready')['Owner']};","Subject":"Request for @{body('Change_the_list_item_status_to_ready')['Title']} is now closed","Body":"Your request has been closed."},"path":"/Mail","authentication":"@parameters('$authentication')"}}},"runAfter":{"HTTP":["Succeeded"]},"else":{"actions":{"Notify_the_admin_that_something_went_wrong":{"runAfter":{},"metadata":{"flowSystemMetadata":{"swaggerOperationId":"SendEmail"}},"type":"ApiConnection","inputs":{"host":{"api":{"runtimeUrl":"https://europe-001.azure-apim.net/apim/office365"},"connection":{"name":"@parameters('$connections')['shared_office365']['connectionId']"}},"method":"post","body":{"To":"@{body('Start_an_approval')?['responder']?['email']};","Subject":"Error during the provisioning","Body":"An error is occurred for @{body('Update_item')['Title']} with owner @{body('Update_item')['Owner']}"},"path":"/Mail","authentication":"@parameters('$authentication')"}}}},"expression":"@equals(outputs('HTTP')['statusCode'], 200)","type":"If"}},"runAfter":{"Start_an_approval":["Succeeded"]},"else":{"actions":{"Send_an_email":{"runAfter":{},"metadata":{"flowSystemMetadata":{"swaggerOperationId":"SendEmail"}},"type":"ApiConnection","inputs":{"host":{"api":{"runtimeUrl":"https://europe-001.azure-apim.net/apim/office365"},"connection":{"name":"@parameters('$connections')['shared_office365']['connectionId']"}},"method":"post","body":{"To":"@{triggerBody()?['Owner']};","Subject":"Item: @{triggerBody()?['Title']} rejected","Body":"Item: @{triggerBody()?['Title']} has been rejected by @{body('Start_an_approval')?['responder']?['email']}. Cooments (if any): @{body('Start_an_approval')?['comments']}"},"path":"/Mail","authentication":"@parameters('$authentication')"}}}},"expression":"@equals(body('Start_an_approval')?['response'], 'Approve')","type":"If"}},"outputs":{},"description":"This flow is part of the modern provisioning"},"connectionReferences":{"shared_approvals":{"connectionName":"shared-approvals-2b076987-3e2d-46b1-b154-2195e3447ae9","source":"Embedded","id":"/providers/Microsoft.PowerApps/apis/shared_approvals","tier":"NotSpecified"},"shared_sharepointonline":{"connectionName":"shared-sharepointonl-d68db891-5a46-4f21-82c5-c02b11f3ccd3","source":"Embedded","id":"/providers/Microsoft.PowerApps/apis/shared_sharepointonline","tier":"NotSpecified"},"shared_office365":{"connectionName":"shared-office365-c7f11157-ad4a-4915-8d20-1446039a441d","source":"Embedded","id":"/providers/Microsoft.PowerApps/apis/shared_office365","tier":"NotSpecified"}},"flowFailureAlertSubscribed":false}}